relative_time_s,parcel_count_remaining,injected_mass_kg,remaining_mass_kg,inferred_escaped_mass_kg,remaining_fraction,escaped_fraction
1.0030566623315735,2926,1.671761103885956e-08,1.6529546609786328e-08,1.880644290732301e-10,0.9887505201170144,0.01124947988298569
2.003056662331573,5874,3.3384277705526216e-08,3.3163229136467775e-08,2.2104856905844038e-10,0.9933786625246696,0.006621337475330474
3.003056662331573,8834,5.0050944372192886e-08,4.988641876235953e-08,1.6452560983335385e-10,0.9967128370523861,0.003287162947613839
4.0030566623315735,11777,6.671761103885955e-08,6.652835117239729e-08,1.8925986646225757e-10,0.9971632697347028,0.002836730265297172
5.0030566623315735,14732,8.338427770552623e-08,8.324301663702296e-08,1.4126106850326838e-10,0.9983059028345591,0.0016940971654408946
6.0030566623315735,17684,1.0005094437219289e-07,9.988198705597195e-08,1.6895731622094002e-10,0.9983112871419543,0.0016887128580457282
7.0030566623315735,20633,1.1671761103885955e-07,1.1656068041284405e-07,1.569306260154924e-10,0.9986554674601483,0.0013445325398516294
7.993056662331583,23552,1.332176110388597e-07,1.331063678298565e-07,1.1124320900318424e-10,0.9991649511792345,0.0008350488207654054
9.003056662331574,26521,1.500509443721929e-07,1.4987941658791346e-07,1.7152778427944057e-10,0.9988568696785142,0.001143130321485852
10.003056662331574,29449,1.6671761103885953e-07,1.6647671946818028e-07,2.4089157067924696e-10,0.9985550922354381,0.0014449077645618286
11.003056662331574,32402,1.8338427770552622e-07,1.831974158253722e-07,1.868618801540256e-10,0.9989810365289107,0.0010189634710892916
12.003056662331574,35350,2.000509443721929e-07,1.9989465957754162e-07,1.5628479465128109e-10,0.9992187750218239,0.0007812249781761325
13.003056662331574,38294,2.1671761103885953e-07,2.1652134617128202e-07,1.962648675775084e-10,0.9990943750873005,0.0009056249126994864
13.993056662331584,41241,2.332176110388597e-07,2.331396481075917e-07,7.796293126802159e-11,0.9996657073583735,0.000334292641626584
15.003056662331574,44192,2.5005094437219287e-07,2.498143830923044e-07,2.365612798884582e-10,0.9990539476646153,0.0009460523353846817
15.993056662331584,47132,2.6655094437219305e-07,2.664613445343053e-07,8.959983788776814e-11,0.9996638547347907,0.0003361452652092547
17.003056662331574,50101,2.833842777055262e-07,2.832078457994238e-07,1.7643190610239403e-10,0.9993774110986999,0.0006225889013000579
18.003056662331574,53040,3.0005094437219287e-07,2.998304871013886e-07,2.204572708042697e-10,0.99926526719899,0.0007347328010099758
19.003056662331574,55982,3.1671761103885955e-07,3.1647639024197346e-07,2.412207968860947e-10,0.999238372643394,0.0007616273566060025
20.003056662331574,58926,3.3338427770552624e-07,3.331609507493519e-07,2.233269561743397e-10,0.9993301215110941,0.0006698784889058306
20.993056662331583,61868,3.4988427770552636e-07,3.497646437290897e-07,1.1963397643668116e-10,0.9996580755865304,0.00034192441346955543
22.003056662331574,64828,3.667176110388595e-07,3.665106758233344e-07,2.0693521552507067e-10,0.9994357096324367,0.0005642903675633473
23.003056662331574,67782,3.833842777055262e-07,3.831825809871899e-07,2.0169671833626982e-10,0.9994739045650401,0.0005260954349598842
24.003056662331574,70735,4.0005094437219286e-07,3.998590120920249e-07,1.919322801679768e-10,0.9995202304034823,0.00047976959651771246
25.003056662331574,73677,4.1671761103885955e-07,4.164935102328322e-07,2.241008060273226e-10,0.9994622238175425,0.0005377761824575849
26.003056662331574,76630,4.3338427770552623e-07,4.331654383001062e-07,2.1883940542004663e-10,0.999495045351948,0.0005049546480519594
26.993056662331583,79552,4.4988427770552636e-07,4.497194092261885e-07,1.648684793378501e-10,0.9996335313601562,0.00036646863984378993
27.993056662331583,80901,4.66550944372193e-07,4.572878416645791e-07,9.263102707613913e-09,0.9801455707691715,0.019854429230828505
29.003056662331574,78287,4.833842777055262e-07,4.425450187158541e-07,4.0839258989672073e-08,0.9155138864186414,0.0844861135813586
29.993056662331583,78781,4.998842777055264e-07,4.453343965532419e-07,5.454988115228447e-08,0.8908749813003343,0.10912501869966575
30.993056662331583,78159,5.165509443721929e-07,4.417823798598493e-07,7.476856451234366e-08,0.8552542293708976,0.14474577062910238
31.993056662331583,79502,5.332176110388597e-07,4.493596317216198e-07,8.385797931723992e-08,0.8427321649150696,0.15726783508493034
32.99305666233158,80793,5.498842777055263e-07,4.566119441482241e-07,9.327233355730218e-08,0.8303782498628715,0.16962175013712855
33.99305666233158,82306,5.665509443721931e-07,4.651289267181545e-07,1.0142201765403858e-07,0.8209834108273768,0.1790165891726232
35.00305666233157,80887,5.833842777055263e-07,4.571016090928873e-07,1.2628266861263895e-07,0.7835343298771887,0.21646567012281123
36.00305666233157,80402,6.000509443721929e-07,4.542907079012792e-07,1.4576023647091364e-07,0.7570868976409725,0.24291310235902758
37.00305666233157,80503,6.167176110388595e-07,4.549117405659475e-07,1.6180587047291204e-07,0.7376337766642493,0.26236622333575066
38.00305666233157,81690,6.333842777055262e-07,4.616179251608381e-07,1.7176635254468815e-07,0.7288117836348537,0.2711882163651463
39.00305666233157,81363,6.500509443721928e-07,4.5974389952277753e-07,1.9030704484941527e-07,0.7072428761207166,0.2927571238792835
40.00305666233157,79481,6.667176110388596e-07,4.4906551506558557e-07,2.1765209597327402e-07,0.6735468024698867,0.3264531975301132
40.99305666233158,79141,6.832176110388598e-07,4.4718983995608804e-07,2.3602777108277173e-07,0.6545350013389115,0.34546499866108843
42.00305666233157,78743,7.000509443721928e-07,4.448869107481814e-07,2.5516403362401143e-07,0.6355064789565521,0.3644935210434479
43.00305666233157,79666,7.167176110388595e-07,4.5008061286677333e-07,2.666369981720862e-07,0.6279748201169435,0.37202517988305644
44.00305666233157,80257,7.333842777055262e-07,4.534341126496378e-07,2.7995016505588843e-07,0.6182762931164226,0.38172370688357743
45.00305666233157,80039,7.500509443721929e-07,4.521679669386237e-07,2.978829774335692e-07,0.6028496735206393,0.39715032647936066
45.99305666233158,80357,7.665509443721931e-07,4.539220654101538e-07,3.126288789620393e-07,0.5921616413660764,0.4078383586339236
47.00305666233157,80764,7.833842777055262e-07,4.561547421875311e-07,3.2722953551799506e-07,0.5822873335211349,0.41771266647886507
47.99305666233158,80982,7.998842777055263e-07,4.573550307019767e-07,3.4252924700354966e-07,0.5717764974877401,0.4282235025122599
49.00305666233157,81603,8.167176110388595e-07,4.608871796830105e-07,3.5583043135584903e-07,0.5643164460440188,0.4356835539559812
49.99305666233158,81824,8.332176110388596e-07,4.62126990499805e-07,3.710906205390546e-07,0.5546294081850033,0.44537059181499666
51.00305666233157,80304,8.500509443721929e-07,4.5348531172104045e-07,3.9656563265115244e-07,0.5334801575403967,0.4665198424596033
52.00305666233157,80684,8.667176110388595e-07,4.555961665780867e-07,4.111214444607728e-07,0.5256569853611293,0.47434301463887074
53.00305666233157,79194,8.833842777055262e-07,4.472252841176537e-07,4.361589935878725e-07,0.5062635767972486,0.49373642320275135
53.99305666233158,79866,8.998842777055263e-07,4.511007596662683e-07,4.4878351803925805e-07,0.5012875220094514,0.49871247799054863
55.00305666233157,81100,9.167176110388595e-07,4.58119278405212e-07,4.5859833263364754e-07,0.49973871221482663,0.5002612877851734
55.99305666233158,79242,9.332176110388597e-07,4.4770625410349773e-07,4.855113569353619e-07,0.47974475492924984,0.5202552450707502
57.00305666233157,77963,9.500509443721928e-07,4.405340563494704e-07,5.095168880227223e-07,0.4636951933567958,0.5363048066432041
58.00305666233157,78106,9.667176110388596e-07,4.414100102656565e-07,5.253076007732031e-07,0.45660698142377476,0.5433930185762252
58.99305666233158,79250,9.832176110388598e-07,4.479666579341696e-07,5.352509531046901e-07,0.45561293136404635,0.5443870686359537
59.99305666233158,79853,9.998842777055263e-07,4.514687456939957e-07,5.484155320115306e-07,0.45152099673974144,0.5484790032602584
