sequence_index,filename,simulation_time_s,relative_time_s,parcel_count,active_count,age_min_s,age_mean_s,age_max_s,velocity_mean_mps,velocity_max_mps,nParticle_sum,represented_mass_kg,rho_min_kgm3,rho_max_kgm3,diameter_min_m,diameter_max_m
1,kinematicCloud_00026890.vtp,1848.0,1.0030566623315735,2926,2926,0.010504398494958878,0.5044541973251434,1.0013288259506226,10.36148224635806,15.712057619783597,25770702.349609375,1.6529546609786328e-08,1.225000023841858,1.225000023841858,9.999999747378752e-06,9.999999747378752e-06
2,kinematicCloud_00026992.vtp,1849.0,2.0030566623315735,5874,5874,0.008804559707641602,1.003586832116205,1.99934983253479,12.254479973097146,19.36239744851511,51703759.77050781,3.3163229136467775e-08,1.225000023841858,1.225000023841858,9.999999747378752e-06,9.999999747378752e-06
3,kinematicCloud_00027093.vtp,1850.0,3.0030566623315735,8834,8834,0.010281900875270367,1.5054530992365798,3.0027413368225098,12.820742859616375,15.314065580304392,77776364.92773438,4.988641876235953e-08,1.225000023841858,1.225000023841858,9.999999747378752e-06,9.999999747378752e-06
4,kinematicCloud_00027197.vtp,1851.0,4.0030566623315735,11777,11777,0.009686430916190147,2.0052629753462026,4.001257419586182,13.598226455386706,24.440405828969332,103722284.48535156,6.652835117239728e-08,1.225000023841858,1.225000023841858,9.999999747378752e-06,9.999999747378752e-06
5,kinematicCloud_00027299.vtp,1852.0,5.0030566623315735,14732,14732,0.010133265517652035,2.5070026571000867,5.0041375160217285,14.248227225964309,18.253054980185713,129781599.88769531,8.324301663702296e-08,1.225000023841858,1.225000023841858,9.999999747378752e-06,9.999999747378752e-06
6,kinematicCloud_00027393.vtp,1853.0,6.0030566623315735,17684,17684,0.010432916693389416,3.0050757252148297,6.002475738525391,13.83986143736279,15.250978312336738,155722901.4970703,9.988198705597194e-08,1.225000023841858,1.225000023841858,9.999999747378752e-06,9.999999747378752e-06
7,kinematicCloud_00027490.vtp,1854.0,7.0030566623315735,20633,20633,0.010215427726507187,3.506009903152739,7.003197193145752,13.731645010032947,19.4405109746531,181726133.90429688,1.1656068041284403e-07,1.225000023841858,1.225000023841858,9.999999747378752e-06,9.999999747378752e-06
8,kinematicCloud_00027595.vtp,1854.99,7.993056662331583,23552,23552,0.009808742441236973,4.003717061660095,7.995938777923584,14.045379288659943,18.68011713775338,207522000.88476562,1.331063678298565e-07,1.225000023841858,1.225000023841858,9.999999747378752e-06,9.999999747378752e-06
9,kinematicCloud_00027690.vtp,1856.0,9.003056662331574,26521,26521,0.010120488703250885,4.5064572206565305,9.002321243286133,14.154492605488965,18.091613958883052,233672339.86523438,1.4987941658791346e-07,1.225000023841858,1.225000023841858,9.999999747378752e-06,9.999999747378752e-06
10,kinematicCloud_00027790.vtp,1857.0,10.003056662331574,29449,29449,0.009596329182386398,5.0056688666301055,9.998159408569336,14.292025113172024,21.691504732725043,259548678.91015625,1.6647671946818026e-07,1.225000023841858,1.225000023841858,9.999999747378752e-06,9.999999747378752e-06
11,kinematicCloud_00027899.vtp,1858.0,11.003056662331574,32402,32402,0.008517444133758545,5.5077081694193595,11.001401901245117,14.480369481766141,16.060297541453366,285617396.88964844,1.831974158253722e-07,1.225000023841858,1.225000023841858,9.999999747378752e-06,9.999999747378752e-06
12,kinematicCloud_00028010.vtp,1859.0,12.003056662331574,35350,35350,0.010137401521205902,6.009029445019715,12.003235816955566,14.684977276439533,19.541082402918722,311649550.64160156,1.9989465957754162e-07,1.225000023841858,1.225000023841858,9.999999747378752e-06,9.999999747378752e-06
13,kinematicCloud_00028108.vtp,1860.0,13.003056662331574,38294,38294,0.010529659688472748,6.50702962434104,13.000837326049805,14.718191655359156,21.704868769641134,337571700.92089844,2.1652134617128197e-07,1.225000023841858,1.225000023841858,9.999999747378752e-06,9.999999747378752e-06
14,kinematicCloud_00028206.vtp,1860.99,13.993056662331583,41241,41241,0.010415246710181236,7.0041324145503125,13.99793529510498,14.848040070370113,19.359911394759308,363480778.94140625,2.3313964810759166e-07,1.225000023841858,1.225000023841858,9.999999747378752e-06,9.999999747378752e-06
15,kinematicCloud_00028310.vtp,1862.0,15.003056662331574,44192,44192,0.009510237723588943,7.5040619826726545,14.998419761657715,14.58985963755924,17.282730797566234,389477839.9736328,2.4981438309230436e-07,1.225000023841858,1.225000023841858,9.999999747378752e-06,9.999999747378752e-06
16,kinematicCloud_00028418.vtp,1862.99,15.993056662331583,47132,47132,0.009258029982447624,8.00415663913914,15.997237205505371,14.585653078271951,18.01966005870145,415431600.1386719,2.664613445343053e-07,1.225000023841858,1.225000023841858,9.999999747378752e-06,9.999999747378752e-06
17,kinematicCloud_00028521.vtp,1864.0,17.003056662331574,50101,50101,0.00915337260812521,8.505315095231516,17.00202751159668,14.618015696653911,19.002897207682295,441540549.7480469,2.832078457994238e-07,1.225000023841858,1.225000023841858,9.999999747378752e-06,9.999999747378752e-06
18,kinematicCloud_00028627.vtp,1865.0,18.003056662331574,53040,53040,0.00946353655308485,9.00420397647706,17.999385833740234,14.747606826589704,20.830811371987757,467456393.1386719,2.998304871013886e-07,1.225000023841858,1.225000023841858,9.999999747378752e-06,9.999999747378752e-06
19,kinematicCloud_00028742.vtp,1866.0,19.003056662331574,55982,55982,0.008363291621208191,9.5039713457453,18.998140335083008,14.79885137770852,17.669325140972195,493408503.3388672,3.1647639024197346e-07,1.225000023841858,1.225000023841858,9.999999747378752e-06,9.999999747378752e-06
20,kinematicCloud_00028857.vtp,1867.0,20.003056662331574,58926,58926,0.00899889413267374,10.005613898738373,19.99921417236328,14.849192017904793,20.446102037045854,519420883.03808594,3.331609507493519e-07,1.225000023841858,1.225000023841858,9.999999747378752e-06,9.999999747378752e-06
21,kinematicCloud_00028965.vtp,1867.99,20.993056662331583,61868,61868,0.009829901158809662,10.502749192909368,20.99543571472168,14.8752146963385,21.234612823373904,545307184.6884766,3.4976464372908963e-07,1.225000023841858,1.225000023841858,9.999999747378752e-06,9.999999747378752e-06
22,kinematicCloud_00029064.vtp,1869.0,22.003056662331574,64828,64828,0.010315263643860817,11.005433632917763,22.000198364257812,14.870747505358478,21.74060546593499,571415402.828125,3.6651067582333437e-07,1.225000023841858,1.225000023841858,9.999999747378752e-06,9.999999747378752e-06
23,kinematicCloud_00029159.vtp,1870.0,23.003056662331574,67782,67782,0.010606486350297928,11.504764536899899,23.000513076782227,14.846743331623907,15.980370679999846,597408051.9746094,3.831825809871899e-07,1.225000023841858,1.225000023841858,9.999999747378752e-06,9.999999747378752e-06
24,kinematicCloud_00029250.vtp,1871.0,24.003056662331574,70735,70735,0.010593453422188759,12.004544949239788,24.0010986328125,14.796973315994745,16.071368945497138,623407757.375,3.998590120920249e-07,1.225000023841858,1.225000023841858,9.999999747378752e-06,9.999999747378752e-06
25,kinematicCloud_00029344.vtp,1872.0,25.003056662331574,73677,73677,0.010871331207454205,12.503679472689587,24.999168395996094,14.807509836573187,17.716996384989812,649342086.3945312,4.164935102328322e-07,1.225000023841858,1.225000023841858,9.999999747378752e-06,9.999999747378752e-06
26,kinematicCloud_00029437.vtp,1873.0,26.003056662331574,76630,76630,0.010356786660850048,13.003215175881628,25.999483108520508,14.921357795503216,18.149321376782826,675334771.2490234,4.331654383001062e-07,1.225000023841858,1.225000023841858,9.999999747378752e-06,9.999999747378752e-06
27,kinematicCloud_00029532.vtp,1873.99,26.993056662331583,79552,79552,0.010865910910069942,13.500929461002034,26.9964656829834,14.974361156623798,20.601104712895765,701143552.7910156,4.4971940922618846e-07,1.225000023841858,1.225000023841858,9.999999747378752e-06,9.999999747378752e-06
28,kinematicCloud_00029630.vtp,1874.99,27.993056662331583,80901,80901,0.01032966934144497,13.726285277785427,27.768775939941406,15.001729093417334,18.8160577807531,712943260.5644531,4.572878416645791e-07,1.225000023841858,1.225000023841858,9.999999747378752e-06,9.999999747378752e-06
29,kinematicCloud_00029726.vtp,1876.0,29.003056662331574,78287,78287,0.009639422409236431,13.282509966291647,26.785919189453125,15.012388356845369,18.68744672237377,689958183.5400391,4.425450187158541e-07,1.225000023841858,1.225000023841858,9.999999747378752e-06,9.999999747378752e-06
30,kinematicCloud_00029827.vtp,1876.99,29.993056662331583,78781,78781,0.010267345234751701,13.368423841265884,27.380212783813477,14.989669477762883,21.49064191755006,694307015.8271484,4.453343965532419e-07,1.225000023841858,1.225000023841858,9.999999747378752e-06,9.999999747378752e-06
31,kinematicCloud_00029923.vtp,1877.99,30.993056662331583,78159,78159,0.0101700434461236,13.259165343923813,26.598041534423828,14.968294174973591,19.98051869442186,688769177.0039062,4.417823798598493e-07,1.225000023841858,1.225000023841858,9.999999747378752e-06,9.999999747378752e-06
32,kinematicCloud_00030027.vtp,1878.99,31.993056662331583,79502,79502,0.01074884831905365,13.48558217396657,27.255144119262695,14.99152785251035,21.51056048675474,700582634.8662109,4.4935963172161975e-07,1.225000023841858,1.225000023841858,9.999999747378752e-06,9.999999747378752e-06
33,kinematicCloud_00030125.vtp,1879.99,32.99305666233158,80793,80793,0.009827923960983753,13.700243432343601,27.628625869750977,14.991629477329559,22.109756596957208,711889489.7548828,4.566119441482241e-07,1.225000023841858,1.225000023841858,9.999999747378752e-06,9.999999747378752e-06
34,kinematicCloud_00030221.vtp,1880.99,33.99305666233158,82306,82306,0.010347014293074608,13.955155925973141,28.192781448364258,15.061246929148972,20.71375780613254,725168052.5556641,4.6512892671815445e-07,1.225000023841858,1.225000023841858,9.999999747378752e-06,9.999999747378752e-06
35,kinematicCloud_00030324.vtp,1882.0,35.00305666233157,80887,80887,0.009870801120996475,13.716671505634473,28.950580596923828,14.990844740781636,18.378666535189854,712652911.1503906,4.571016090928873e-07,1.225000023841858,1.225000023841858,9.999999747378752e-06,9.999999747378752e-06
36,kinematicCloud_00030424.vtp,1883.0,36.00305666233157,80402,80402,0.009317501448094845,13.632096571830955,27.64146614074707,14.962956642580346,18.6284512670202,708270522.4707031,4.542907079012792e-07,1.225000023841858,1.225000023841858,9.999999747378752e-06,9.999999747378752e-06
37,kinematicCloud_00030531.vtp,1884.0,37.00305666233157,80503,80503,0.009592501446604729,13.65090777749388,27.418508529663086,15.015203784839233,18.29997429200645,709238755.1953125,4.549117405659475e-07,1.225000023841858,1.225000023841858,9.999999747378752e-06,9.999999747378752e-06
38,kinematicCloud_00030637.vtp,1885.0,38.00305666233157,81690,81690,0.009564409963786602,13.855425583210957,28.281246185302734,15.056918138001407,19.715546889588,719694159.15625,4.616179251608381e-07,1.225000023841858,1.225000023841858,9.999999747378752e-06,9.999999747378752e-06
39,kinematicCloud_00030739.vtp,1886.0,39.00305666233157,81363,81363,0.010566465556621552,13.808480370260868,28.77814292907715,15.087974872362524,18.812125102181398,716772424.0322266,4.5974389952277753e-07,1.225000023841858,1.225000023841858,9.999999747378752e-06,9.999999747378752e-06
40,kinematicCloud_00030837.vtp,1887.0,40.00305666233157,79481,79481,0.009763093665242195,13.479947198526208,27.18817138671875,14.980715066701453,18.428703222292057,700124086.7294922,4.4906551506558546e-07,1.225000023841858,1.225000023841858,9.999999747378752e-06,9.999999747378752e-06
41,kinematicCloud_00030944.vtp,1887.99,40.99305666233158,79141,79141,0.009913098067045212,13.42307035804527,27.061620712280273,14.965085497505447,21.039059645010877,697199779.9658203,4.4718983995608804e-07,1.225000023841858,1.225000023841858,9.999999747378752e-06,9.999999747378752e-06
42,kinematicCloud_00031044.vtp,1889.0,42.00305666233157,78743,78743,0.010129783302545547,13.352103475746784,26.79467010498047,15.026317322048168,19.003483166930806,693609354.6171875,4.4488691074818137e-07,1.225000023841858,1.225000023841858,9.999999747378752e-06,9.999999747378752e-06
43,kinematicCloud_00031139.vtp,1890.0,43.00305666233157,79666,79666,0.010707413777709007,13.509660905767205,27.1127872467041,15.078301947672454,20.340678720964924,701706694.1601562,4.5008061286677333e-07,1.225000023841858,1.225000023841858,9.999999747378752e-06,9.999999747378752e-06
44,kinematicCloud_00031238.vtp,1891.0,44.00305666233157,80257,80257,0.009747091680765152,13.610316379419412,27.66660499572754,15.036715595467003,17.371268475644158,706935031.4384766,4.534341126496378e-07,1.225000023841858,1.225000023841858,9.999999747378752e-06,9.999999747378752e-06
45,kinematicCloud_00031333.vtp,1892.0,45.00305666233157,80039,80039,0.01106362696737051,13.570842220095065,27.731416702270508,14.965761075267194,16.987334282971815,704961023.0146484,4.521679669386237e-07,1.225000023841858,1.225000023841858,9.999999747378752e-06,9.999999747378752e-06
46,kinematicCloud_00031424.vtp,1892.99,45.99305666233158,80357,80357,0.010298023000359535,13.622163716957575,27.329439163208008,15.052947073313248,18.833121913846504,707695783.4208984,4.539220654101538e-07,1.225000023841858,1.225000023841858,9.999999747378752e-06,9.999999747378752e-06
47,kinematicCloud_00031522.vtp,1894.0,47.00305666233157,80764,80764,0.010266088880598545,13.690986407013842,27.651552200317383,15.105377434573285,19.728591941918566,711176680.3886719,4.561547421875311e-07,1.225000023841858,1.225000023841858,9.999999747378752e-06,9.999999747378752e-06
48,kinematicCloud_00031621.vtp,1894.99,47.99305666233158,80982,80982,0.010258217342197895,13.726619053763711,27.55215072631836,15.138657461998298,24.091368730394905,713048012.9042969,4.573550307019767e-07,1.225000023841858,1.225000023841858,9.999999747378752e-06,9.999999747378752e-06
49,kinematicCloud_00031725.vtp,1896.0,49.00305666233157,81603,81603,0.010922301560640335,13.833145240538279,27.77996253967285,15.154722156475284,21.129918984259675,718554876.5947266,4.608871796830105e-07,1.225000023841858,1.225000023841858,9.999999747378752e-06,9.999999747378752e-06
50,kinematicCloud_00031818.vtp,1896.99,49.99305666233158,81824,81824,0.011336885392665863,13.870815011572024,28.0200252532959,15.078696455468297,17.740944234933693,720487827.1035156,4.6212699049980503e-07,1.225000023841858,1.225000023841858,9.999999747378752e-06,9.999999747378752e-06
51,kinematicCloud_00031910.vtp,1898.0,51.00305666233157,80304,80304,0.010084198787808418,13.611411874661185,27.450281143188477,15.014246077193317,17.282649281763042,707014854.3193359,4.5348531172104035e-07,1.225000023841858,1.225000023841858,9.999999747378752e-06,9.999999747378752e-06
52,kinematicCloud_00032011.vtp,1899.0,52.00305666233157,80684,80684,0.009515181183815002,13.67718864846599,27.843732833862305,15.019129104041413,17.593668021482394,710305822.5175781,4.555961665780867e-07,1.225000023841858,1.225000023841858,9.999999747378752e-06,9.999999747378752e-06
53,kinematicCloud_00032115.vtp,1900.0,53.00305666233157,79194,79194,0.010098435916006565,13.425546333340721,27.003938674926758,14.930090423750226,21.06918171268435,697255039.8564453,4.472252841176537e-07,1.225000023841858,1.225000023841858,9.999999747378752e-06,9.999999747378752e-06
54,kinematicCloud_00032217.vtp,1900.99,53.99305666233158,79866,79866,0.009607257321476936,13.54575021280097,27.17548370361328,15.01910824484219,19.837877179402355,703297173.3271484,4.511007596662683e-07,1.225000023841858,1.225000023841858,9.999999747378752e-06,9.999999747378752e-06
55,kinematicCloud_00032323.vtp,1902.0,55.00305666233157,81100,81100,0.009447729215025902,13.757700049341272,27.63089942932129,15.07347464345178,19.654595975648377,714239527.7441406,4.58119278405212e-07,1.225000023841858,1.225000023841858,9.999999747378752e-06,9.999999747378752e-06
56,kinematicCloud_00032429.vtp,1902.99,55.99305666233158,79242,79242,0.009510033763945103,13.446572549128119,27.21554946899414,15.08104860253078,20.111117363259005,698004905.2119141,4.4770625410349773e-07,1.225000023841858,1.225000023841858,9.999999747378752e-06,9.999999747378752e-06
57,kinematicCloud_00032533.vtp,1904.0,57.00305666233157,77963,77963,0.010363497771322727,13.230619296148417,26.569156646728516,15.08004029249316,19.97536367115354,686822954.6191406,4.4053405634947037e-07,1.225000023841858,1.225000023841858,9.999999747378752e-06,9.999999747378752e-06
58,kinematicCloud_00032631.vtp,1905.0,58.00305666233157,78106,78106,0.009593740105628967,13.259335733897816,26.7419490814209,15.000116801872057,17.65132066908257,688188627.1435547,4.414100102656565e-07,1.225000023841858,1.225000023841858,9.999999747378752e-06,9.999999747378752e-06
59,kinematicCloud_00032735.vtp,1905.99,58.99305666233158,79250,79250,0.009769746102392673,13.457016502968509,26.99888038635254,14.910641497030593,18.48724215157792,698410892.7304688,4.4796665793416956e-07,1.225000023841858,1.225000023841858,9.999999747378752e-06,9.999999747378752e-06
60,kinematicCloud_00032838.vtp,1906.99,59.99305666233158,79853,79853,0.010249918326735497,13.56362379616493,27.48090934753418,15.065082596646501,21.577435319600337,703870888.9052734,4.514687456939957e-07,1.225000023841858,1.225000023841858,9.999999747378752e-06,9.999999747378752e-06
